{
  "images" : [
    {
      "idiom" : "universal",
      "scale" : "1x",
      "filename" : "Rectangle 39 + Orient-Queen-Cruise-Ship-3000x2000 + Rectangle 40.png"
    },
    {
      "idiom" : "universal",
      "scale" : "2x",
      "filename" : "Rectangle 39 + Orient-Queen-Cruise-Ship-3000x2000 + Rectangle 40@2x.png"
    },
    {
      "idiom" : "universal",
      "scale" : "3x",
      "filename" : "Rectangle 39 + Orient-Queen-Cruise-Ship-3000x2000 + Rectangle 40@3x.png"
    }
  ],
  "info" : {
    "version" : 1,
    "author" : "xcode"
  }
}